Workbook

Sheet Математика
A4: № детали | B4: Радиус R (мм) | C4: Высота h (мм) | D4: Масса m (кг) | E4: Длина L (мм) | F4: Диаметр (мм) | G4: Объем (мм³) | H4: √V | I4: |m−3| | K4: Норма массы | L4: 3
A5: 1 | B5: 12.5 | C5: 30 | D5: 2.4 | E5: 145 | F5: =2*B5 -> 25 | G5: =PI()*B5^2*C5 -> 14726.216 | H5: =SQRT(G5) -> 121.35162 | I5: =ABS(D5-$L$4) -> 0.6
A6: 2 | B6: 8.3 | C6: 25 | D6: 1.1 | E6: 98 | F6: =2*B6 -> 16.6 | G6: =PI()*B6^2*C6 -> 5410.6079 | H6: =SQRT(G6) -> 73.556835 | I6: =ABS(D6-$L$4) -> 1.9
A7: 3 | B7: 15.7 | C7: 40 | D7: 4 | E7: 210 | F7: =2*B7 -> 31.4 | G7: =PI()*B7^2*C7 -> 30974.847 | H7: =SQRT(G7) -> 175.99672 | I7: =ABS(D7-$L$4) -> 1
A8: 4 | B8: 6.2 | C8: 18 | D8: 0.7 | E8: 75 | F8: =2*B8 -> 12.4 | G8: =PI()*B8^2*C8 -> 2173.7308 | H8: =SQRT(G8) -> 46.623286 | I8: =ABS(D8-$L$4) -> 2.3
A9: 5 | B9: 20.1 | C9: 55 | D9: 6.5 | E9: 320 | F9: =2*B9 -> 40.2 | G9: =PI()*B9^2*C9 -> 69807.917 | H9: =SQRT(G9) -> 264.21188 | I9: =ABS(D9-$L$4) -> 3.5
A10: 6 | B10: 10.4 | C10: 28 | D10: 1.9 | E10: 130 | F10: =2*B10 -> 20.8 | G10: =PI()*B10^2*C10 -> 9514.2505 | H10: =SQRT(G10) -> 97.54102 | I10: =ABS(D10-$L$4) -> 1.1
A11: 7 | B11: 18.9 | C11: 48 | D11: 5.2 | E11: 275 | F11: =2*B11 -> 37.8 | G11: =PI()*B11^2*C11 -> 53865.999 | H11: =SQRT(G11) -> 232.0905 | I11: =ABS(D11-$L$4) -> 2.2

Sheet Финансы
A1: Сложный процент
A2: Инвестор вложил 100 000 руб. под 12% годовых на 5 лет
A4: Начальная сумма | B4: 100000
A5: Годовая ставка | B5: 0.12
A6: Срок (лет) | B6: 5
A8: По формуле СТЕПЕНЬ | B8: =B4*(1+B5)^B6 -> 176234.17
A9: По формуле EXP | B9: =B4*EXP(B5*B6) -> 182211.88
A11: Правило 72 | B11: =72/(B5*100) -> 6
A12: Точное удвоение | B12: =LN(2)/LN(1+B5) -> 6.1162554

Sheet Тригонометрия
A1: Расчет длины дуги
A2: Формула: L = π · R · α / 180
A4: Угол α (град.) | B4: 60
A6: Радиус R | B6: Длина дуги | C6: Через RADIANS
A7: 12.5 | B7: =PI()*A7*$B$4/180 -> 13.089969 | C7: =A7*RADIANS($B$4) -> 13.089969
A8: 8.3 | B8: =PI()*A8*$B$4/180 -> 8.6917397 | C8: =A8*RADIANS($B$4) -> 8.6917397
A9: 15.7 | B9: =PI()*A9*$B$4/180 -> 16.441002 | C9: =A9*RADIANS($B$4) -> 16.441002
A10: 6.2 | B10: =PI()*A10*$B$4/180 -> 6.4926248 | C10: =A10*RADIANS($B$4) -> 6.4926248
A11: 20.1 | B11: =PI()*A11*$B$4/180 -> 21.048671 | C11: =A11*RADIANS($B$4) -> 21.048671
A12: 10.4 | B12: =PI()*A12*$B$4/180 -> 10.890855 | C12: =A12*RADIANS($B$4) -> 10.890855
A13: 18.9 | B13: =PI()*A13*$B$4/180 -> 19.792034 | C13: =A13*RADIANS($B$4) -> 19.792034
A15: Обратное преобразование | B15: =DEGREES(PI()/3) -> 60

Sheet Итоги
A1: Суммирование с условием
A2: Расчеты по массе деталей
A4: Общая масса всех деталей | B4: =SUM(Математика!D5:D11) -> 21.8
A5: Масса деталей > 2 кг | B5: =SUMIF(Математика!D5:D11,">2",Математика!D5:D11) -> 18.1
A6: Средневзвешенная масса | B6: =SUMPRODUCT(Математика!D5:D11,Математика!E5:E11)/SUM(Математика!E5:E11) -> 4.0744613
A7: Количество деталей > 2 кг | B7: =COUNTIF(Математика!D5:D11,">2") -> 4
A8: Средняя масса | B8: =AVERAGE(Математика!D5:D11) -> 3.1142857
A9: Максимальная масса | B9: =MAX(Математика!D5:D11) -> 6.5
A10: Минимальная масса | B10: =MIN(Математика!D5:D11) -> 0.7

Sheet Кредит
A4: Сумма кредита | B4: 500000
A5: Годовая ставка | B5: 0.18
A6: Срок (лет) | B6: 3
A7: Срок (мес.) | B7: =B6*12 -> 36
A8: Месячная ставка | B8: =B5/12 -> 0.015
A10: Ежемесячный платеж | B10: =PMT(B8,B7,-B4) -> 18076.198
A11: Общая выплата | B11: =B10*B7 -> 650743.12
A12: Переплата | B12: =B11-B4 -> 150743.12
